TFNAME,TLNAME,TEMAIL,TSSN
Edee,Scaddon,escaddon0@abc.net.au,118-08-5427
Rossie,Rockcliff,rrockcliff1@etsy.com,759-28-9951
Tedda,Flood,tflood2@scientificamerican.com,858-10-0853
Jude,Mongenot,jmongenot3@people.com.cn,604-44-7634
Daloris,Ord,dord4@about.com,233-31-0159
Caron,Lefort,clefort5@wufoo.com,598-58-8564
Ruddy,Naismith,rnaismith6@epa.gov,636-08-8149
Billy,Fitzer,bfitzer7@live.com,855-62-4658
Toni,Marsy,tmarsy8@gov.uk,238-03-8104
Eduardo,Simeonov,esimeonov9@de.vu,670-18-2314
Kayley,Heinert,kheinerta@admin.ch,809-64-7967
Gaynor,Ough,goughb@weather.com,698-48-6209
Tommi,Puve,tpuvec@pinterest.com,444-03-5607
Timothy,Curcher,tcurcherd@amazonaws.com,466-31-9847
